0,422.22,0,0
0.005227089,422.22,0,0
0.009073257,422.22,0,0
0.01246262,422.22,0,0
0.01576042,422.22,0,0
0.01908016,422.22,0,0
0.022542,422.22,0,0
0.02577972,422.22,0,0
0.02907753,422.22,0,0
0.03314304,422.22,0,0
0.03650761,422.22,0,0
0.03976059,422.22,0,0
0.04304409,422.22,0,0
0.04659176,422.22,0,0
0.04984283,422.22,0,0
0.05322647,422.22,0,0
0.05665302,422.22,0,0
0.06002903,422.22,0,0
0.06348801,422.22,0,0
0.06679535,422.22,0,0
0.07015038,422.22,0,0
0.07399368,422.22,0,0
0.07756233,422.22,0,0
0.08098316,422.22,0,0
0.08436871,422.22,0,0
0.0876894,422.22,0,0
0.09091759,422.22,0,0
0.09416008,422.22,0,0
0.09775734,422.22,0,0
0.1011124,422.22,0,0
0.1045351,422.22,0,0
0.1080322,422.22,0,0
0.1114779,422.22,0,0
0.1147909,422.22,0,0
0.1181107,422.22,0,0
0.1216278,422.22,0,0
0.1249857,422.22,0,0
0.1284084,422.22,0,0
0.1318378,422.22,0,0
0.1350307,422.22,0,0
0.1385145,422.22,0,0
0.1417484,422.22,0,0
0.1450262,422.22,0,0
0.1483641,422.22,0,0
0.1516685,422.22,0,0
0.1549053,422.22,0,0
0.1581945,422.22,0,0
0.1617355,422.22,0,0
0.165123,422.22,0,0
0.1685591,422.22,0,0
0.1720266,422.22,0,0
0.1754513,422.22,0,0
0.1787786,422.22,0,0
0.1821175,422.22,0,0
0.1854906,422.22,0,0
0.1887026,422.22,0,0
0.1920271,422.22,0,0
0.1954079,422.22,0,0
0.1987839,422.22,0,0
0.2020502,422.22,0,0
0.205596,422.22,0,0
0.2088737,422.22,0,0
0.2121716,422.22,0,0
0.2159605,422.22,0,0
0.2193565,422.22,0,0
0.222724,422.22,0,0
0.2260275,422.22,0,0
0.2294407,422.22,0,0
0.2326927,422.22,0,0
0.2363071,422.22,0,0
0.2396955,422.22,0,0
0.2428799,422.22,0,0
0.2461672,422.22,0,0
0.2495537,422.22,0,0
0.2528658,422.22,0,0
0.2561998,422.22,0,0
0.2596216,422.22,0,0
0.2628698,422.22,0,0
0.2661095,422.22,0,0
0.269454,422.22,0,0
0.273078,422.22,0,0
0.2765226,422.22,0,0
0.2801552,422.22,0,0
0.2836599,422.22,0,0
0.2869434,422.22,0,0
0.2902355,422.22,0,0
0.2936926,422.22,0,0
0.297061,422.22,0,0
0.3005829,422.22,0,0
0.3041048,422.22,0,0
0.307538,422.22,0,0
0.3109264,422.22,0,0
0.3141518,422.22,0,0
0.3175964,422.22,0,0
0.3212748,422.22,0,0
0.3247156,422.22,0,0
0.3283052,422.22,0,0
0.3316965,422.22,0,0
0.3353128,422.22,0,0
0.3387308,422.22,0,0
0.3420076,422.22,0,0
0.3453341,422.22,0,0
0.3485603,422.22,0,0
0.3519573,422.22,0,0
0.3554745,422.22,0,0
0.3588648,422.22,0,0
0.3620615,422.22,0,0
0.3655205,422.22,0,0
0.3686705,422.22,0,0
0.3720846,422.22,0,0
0.3754749,422.22,0,0
0.3787136,422.22,0,0
0.3822021,422.22,0,0
0.3855495,422.22,0,0
0.3888359,422.22,0,0
0.3921776,422.22,0,0
0.3957272,422.22,0,0
0.3994179,422.22,0,0
0.4028311,422.22,0,0
0.4065514,422.22,0,0
0.4100542,422.22,0,0
0.4135027,422.22,0,0
0.4168749,422.22,0,0
0.4201078,422.22,0,0
0.4234324,422.22,0,0
0.4268131,422.22,0,0
0.430234,422.22,0,0
0.4336786,422.22,0,0
0.4369917,422.22,0,0
0.4404774,422.22,0,0
0.4436951,422.22,0,0
0.4470825,422.22,0,0
0.4505281,422.22,0,0
0.4537735,422.22,0,0
0.4571295,422.22,0,0
0.4605732,422.22,0,0
0.4640026,422.22,0,0
0.4677582,422.22,0,0
0.4709291,422.22,0,0
0.4742422,422.22,0,0
0.4776926,422.22,0,0
0.4811459,422.22,0,0
0.4846258,422.22,0,0
0.4879093,422.22,0,0
0.4912262,422.22,0,0
0.4946251,422.22,0,0
0.4979534,422.22,0,0
0.5015755,422.22,0,0
0.504878,422.22,0,0
0.5081301,422.22,0,0
0.5118437,422.22,0,0
0.5151138,422.22,0,0
0.5188227,422.22,0,0
0.5220909,422.22,0,0
0.5254078,422.22,0,0
0.5286541,422.22,0,0
0.5319824,422.22,0,0
0.5354404,422.22,0,0
0.5386505,422.22,0,0
0.5419168,422.22,0,0
0.5451717,422.22,0,0
0.5487642,422.22,0,0
0.5524101,422.22,0,0
0.5558376,422.22,0,0
0.5592327,422.22,0,0
0.5625811,422.22,0,0
0.5659399,422.22,0,0
0.5691805,422.22,0,0
0.5725756,422.22,0,0
0.5758696,422.22,0,0
0.5793371,422.22,0,0
0.5827112,422.22,0,0
0.5859861,422.22,0,0
0.5894814,422.22,0,0
0.5926428,422.22,0,0
0.5958776,422.22,0,0
0.5992451,422.22,0,0
0.6027155,422.22,0,0
0.6059837,422.22,0,0
0.6093693,422.22,0,0
0.6126919,422.22,0,0
0.616025,422.22,0,0
0.6194363,422.22,0,0
0.6227798,422.22,0,0
0.6260748,422.22,0,0
0.6294317,422.22,0,0
0.6328259,422.22,0,0
0.6361427,422.22,0,0
0.6395369,422.22,0,0
0.6428461,422.22,0,0
0.6462297,422.22,0,0
0.6496582,422.22,0,0
0.6529512,422.22,0,0
0.6564054,422.22,0,0
0.6597099,422.22,0,0
0.6630859,422.22,0,0
0.6665144,422.22,0,0
0.6699572,422.22,0,0
0.6734791,422.22,0,0
0.6767864,422.22,0,0
0.68011,422.22,0,0
0.6836061,422.22,0,0
0.6869488,422.22,0,0
0.6904306,422.22,0,0
0.6937075,422.22,0,0
0.6970444,422.22,0,0
0.7004452,422.22,0,0
0.7037153,422.22,0,0
0.7074099,422.22,0,0
0.7108622,422.22,0,0
0.7142124,422.22,0,0
0.7176123,422.22,0,0
0.7209969,422.22,0,0
0.7243204,422.22,0,0
0.7276936,422.22,0,0
0.7309494,422.22,0,0
0.7347984,422.22,0,0
0.7380972,422.22,0,0
0.7415075,422.22,0,0
0.744729,422.22,0,0
0.7480831,422.22,0,0
0.7515087,422.22,0,0
0.754797,422.22,0,0
0.757987,422.22,0,0
0.7614202,422.22,0,0
0.7648649,422.22,0,0
0.768589,422.22,0,0
0.7721767,422.22,0,0
0.7755976,422.22,0,0
0.7788744,422.22,0,0
0.7822485,422.22,0,0
0.7858143,422.22,0,0
0.7891808,422.22,0,0
0.7926741,422.22,0,0
0.7959671,422.22,0,0
0.7996321,422.22,0,0
0.8029404,422.22,0,0
0.8062201,422.22,0,0
0.8096466,422.22,0,0
0.8128414,422.22,0,0
0.8163261,422.22,0,0
0.8197374,422.22,0,0
0.8233509,422.22,0,0
0.8267937,422.22,0,0
0.8302984,422.22,0,0
0.8336563,422.22,0,0
0.8369465,422.22,0,0
0.8403664,422.22,0,0
0.8436804,422.22,0,0
0.8470869,422.22,0,0
0.8504772,422.22,0,0
0.8537054,422.22,0,0
0.8570681,422.22,0,0
0.8604422,422.22,0,0
0.8637915,422.22,0,0
0.8669834,422.22,0,0
0.8705502,422.22,0,0
0.8739901,422.22,0,0
0.877532,422.22,0,0
0.8808775,422.22,0,0
0.8842287,422.22,0,0
0.8876715,422.22,0,0
0.890955,422.22,0,0
0.8946533,422.22,0,0
0.8981361,422.22,0,0
0.9014912,422.22,0,0
0.9049063,422.22,0,0
0.908227,422.22,0,0
0.9116669,422.22,0,0
0.9149542,422.22,0,0
0.9184008,422.22,0,0
0.9218044,422.22,0,0
0.9250851,422.22,0,0
0.9285059,422.22,0,0
0.9318419,422.22,0,0
0.935113,422.22,0,0
0.9385757,422.22,0,0
0.9417887,422.22,0,0
0.9450312,422.22,0,0
0.9488516,422.22,0,0
0.9523153,422.22,0,0
0.955946,422.22,0,0
0.959384,422.22,0,0
0.9626665,422.22,0,0
0.9659796,422.22,0,0
0.9694319,422.22,0,0
0.9726954,422.22,0,0
0.9759912,422.22,0,0
0.9794502,422.22,0,0
0.9827452,422.22,0,0
0.9859924,422.22,0,0
0.9895058,422.22,0,0
0.992795,422.22,0,0
0.9960508,422.22,0,0
0.9994192,422.22,0,0
1.003116,422.22,0,0
1.006985,422.22,0,0
1.010437,422.22,0,0
1.013764,422.22,0,0
1.017091,422.22,0,0
1.020846,422.22,0,0
1.024257,422.22,0,0
1.027828,422.22,0,0
1.031264,422.22,0,0
1.034632,422.22,0,0
1.037876,422.22,0,0
1.04123,422.22,0,0
1.044663,422.22,0,0
1.048002,422.22,0,0
1.051418,422.22,0,0
1.054699,422.22,0,0
1.05805,422.22,0,0
1.061448,422.22,0,0
1.06475,422.22,0,0
1.06834,422.22,0,0
1.071984,422.22,0,0
1.075352,422.22,0,0
1.078758,422.22,0,0
1.082063,422.22,0,0
1.085464,422.22,0,0
1.088758,422.22,0,0
1.092058,422.22,0,0
1.095522,422.22,0,0
1.098963,422.22,0,0
1.102452,422.22,0,0
1.105723,422.22,0,0
1.109094,422.22,0,0
1.112672,422.22,0,0
1.116345,422.22,0,0
1.119874,422.22,0,0
1.123137,422.22,0,0
1.126581,422.22,0,0
1.130095,422.22,0,0
1.133588,422.22,0,0
1.136887,422.22,0,0
1.140255,422.22,0,0
1.143628,422.22,0,0
1.146842,422.22,0,0
1.150143,422.22,0,0
1.153507,422.22,0,0
1.156722,422.22,0,0
1.160003,422.22,0,0
1.163362,422.22,0,0
1.166689,422.22,0,0
1.169979,422.22,0,0
1.173418,422.22,0,0
1.176752,422.22,0,0
1.180097,422.22,0,0
1.183569,422.22,0,0
1.186852,422.22,0,0
1.190177,422.22,0,0
1.1939,422.22,0,0
1.197264,422.22,0,0
1.20072,422.22,0,0
1.203883,422.22,0,0
1.207126,422.22,0,0
1.210567,422.22,0,0
1.213981,422.22,0,0
1.217434,422.22,0,0
1.220675,422.22,0,0
1.224005,422.22,0,0
1.227513,422.22,0,0
1.230953,422.22,0,0
1.234412,422.22,0,0
1.23782,422.22,0,0
1.241082,422.22,0,0
1.244448,422.22,0,0
1.247846,422.22,0,0
1.251113,422.22,0,0
1.254523,422.22,0,0
1.257837,422.22,0,0
1.26116,422.22,0,0
1.264614,422.22,0,0
1.267978,422.22,0,0
1.271464,422.22,0,0
1.274755,422.22,0,0
1.277981,422.22,0,0
1.2815,422.22,0,0
1.284786,422.22,0,0
1.288177,422.22,0,0
1.291587,422.22,0,0
1.294876,422.22,0,0
1.298239,422.22,0,0
1.301701,422.22,0,0
1.305063,422.22,0,0
1.308393,422.22,0,0
1.31225,422.22,0,0
1.315782,422.22,0,0
1.319034,422.22,0,0
1.322433,422.22,0,0
1.325835,422.22,0,0
1.329105,422.22,0,0
1.332869,422.22,0,0
1.336126,422.22,0,0
1.339705,422.22,0,0
1.343056,422.22,0,0
1.346489,422.22,0,0
1.349729,422.22,0,0
1.353016,422.22,0,0
1.356497,422.22,0,0
1.359777,422.22,0,0
1.363279,422.22,0,0
1.366764,422.22,0,0
1.370025,422.22,0,0
1.373508,422.22,0,0
1.376874,422.22,0,0
1.380216,422.22,0,0
1.383701,422.22,0,0
1.386927,422.22,0,0
1.390141,422.22,0,0
1.393512,422.22,0,0
1.396948,422.22,0,0
1.400367,422.22,0,0
1.403788,422.22,0,0
1.407484,422.22,0,0
1.410915,422.22,0,0
1.414227,422.22,0,0
1.417768,422.22,0,0
1.421051,422.22,0,0
1.424571,422.22,0,0
1.42778,422.22,0,0
1.431024,422.22,0,0
1.434481,422.22,0,0
1.437866,422.22,0,0
1.441145,422.22,0,0
1.444513,422.22,0,0
1.4479,422.22,0,0
1.451128,422.22,0,0
1.454541,422.22,0,0
1.457816,422.22,0,0
1.461095,422.22,0,0
1.464549,422.22,0,0
1.467845,422.22,0,0
1.471073,422.22,0,0
1.47437,422.22,0,0
1.477736,422.22,0,0
1.481399,422.22,0,0
1.484766,422.22,0,0
1.487899,422.22,0,0
1.491119,422.22,0,0
1.494529,422.22,0,0
1.497809,422.22,0,0
1.501218,422.22,0,0
1.504635,422.22,0,0
1.508031,422.22,0,0
1.511438,422.22,0,0
1.514866,422.22,0,0
1.518317,422.22,0,0
1.521834,422.22,0,0
1.525115,422.22,0,0
1.528494,422.22,0,0
1.531744,422.22,0,0
1.535053,422.22,0,0
1.538552,422.22,0,0
1.541825,422.22,0,0
1.545278,422.22,0,0
1.548689,422.22,0,0
1.551959,422.22,0,0
1.55542,422.22,0,0
1.558658,422.22,0,0
1.56197,422.22,0,0
1.565432,422.22,0,0
1.568686,422.22,0,0
1.572052,422.22,0,0
1.575531,422.22,0,0
1.578782,422.22,0,0
1.582234,422.22,0,0
1.585681,422.22,0,0
1.589011,422.22,0,0
1.592446,422.22,0,0
1.59565,422.22,0,0
1.598929,422.22,0,0
1.602209,422.22,0,0
1.605685,422.22,0,0
1.608919,422.22,0,0
1.612143,422.22,0,0
1.615715,422.22,0,0
1.619032,422.22,0,0
1.62271,422.22,0,0
1.625993,422.22,0,0
1.629381,422.22,0,0
1.632742,422.22,0,0
1.636058,422.22,0,0
1.6395,422.22,0,0
1.642834,422.22,0,0
1.646082,422.22,0,0
1.649449,422.22,0,0
1.652775,422.22,0,0
1.656506,422.22,0,0
1.65992,422.22,0,0
1.663277,422.22,0,0
1.666746,422.22,0,0
1.669909,422.22,0,0
1.673143,422.22,0,0
1.676777,422.22,0,0
1.679949,422.22,0,0
1.683377,422.22,0,0
1.686664,422.22,0,0
1.690144,422.22,0,0
1.693754,422.22,0,0
1.696983,422.22,0,0
1.700529,422.22,0,0
1.703836,422.22,0,0
1.70721,422.22,0,0
1.710635,422.22,0,0
1.71388,422.22,0,0
1.717457,422.22,0,0
1.721425,422.22,0,0
1.724796,422.22,0,0
1.728041,422.22,0,0
1.731512,422.22,0,0
1.735205,422.22,0,0
1.738857,422.22,0,0
1.742225,422.22,0,0
1.745547,422.22,0,0
1.748882,422.22,0,0
1.752237,422.22,0,0
1.755675,422.22,0,0
1.758908,422.22,0,0
1.762296,422.22,0,0
1.766018,422.22,0,0
1.7697,422.22,0,0
1.772959,422.22,0,0
1.776484,422.22,0,0
1.785864,422.22,0,0
1.794151,422.22,0,0
1.807968,422.22,0,0
1.813021,422.22,0,0
1.816573,422.22,0,0
1.819834,422.22,0,0
1.823157,422.22,0,0
1.82655,422.22,0,0
1.829938,422.22,0,0
1.833434,422.22,0,0
1.836843,422.22,0,0
1.840051,422.22,0,0
1.843447,422.22,0,0
1.846725,422.22,0,0
1.850018,422.22,0,0
1.853466,422.22,0,0
1.856633,422.22,0,0
1.859855,422.22,0,0
1.863259,422.22,0,0
1.866738,422.22,0,0
1.870034,422.22,0,0
1.873471,422.22,0,0
1.876772,422.22,0,0
1.88012,422.22,0,0
1.883527,422.22,0,0
1.886793,422.22,0,0
1.890117,422.22,0,0
1.893491,422.22,0,0
1.896879,422.22,0,0
1.900197,422.22,0,0
1.903866,422.22,0,0
1.907261,422.22,0,0
1.910654,422.22,0,0
1.913923,422.22,0,0
1.917232,422.22,0,0
1.920712,422.22,0,0
1.923931,422.22,0,0
1.927315,422.22,0,0
1.930856,422.22,0,0
1.934252,422.22,0,0
1.937863,422.22,0,0
1.94117,422.22,0,0
1.944683,422.22,0,0
1.94822,422.22,0,0
1.951593,422.22,0,0
1.954809,422.22,0,0
1.958135,422.22,0,0
1.961506,422.22,0,0
1.965021,422.22,0,0
1.968492,422.22,0,0
1.971846,422.22,0,0
1.975514,422.22,0,0
1.978909,422.22,0,0
1.982147,422.22,0,0
1.985615,422.22,0,0
1.988953,422.22,0,0
1.992662,422.22,0,0
1.995846,422.22,0,0
1.999099,422.22,0,0
2.002819,422.22,0,0
2.006205,422.22,0,0
2.009573,422.22,0,0
2.012776,422.22,0,0
2.016026,422.22,0,0
2.019484,422.22,0,0
2.022889,422.22,0,0
2.026114,422.22,0,0
2.029642,422.22,0,0
2.033022,422.22,0,0
2.036657,422.22,0,0
2.039934,422.22,0,0
2.043405,422.22,0,0
2.047015,422.22,0,0
2.050442,422.22,0,0
2.053768,422.22,0,0
2.057182,422.22,0,0
2.060618,422.22,0,0
2.063952,422.22,0,0
2.06731,422.22,0,0
2.070572,422.22,0,0
2.073907,422.22,0,0
2.077202,422.22,0,0
2.080635,422.22,0,0
2.08403,422.22,0,0
2.087403,422.22,0,0
2.090753,422.22,0,0
2.093985,422.22,0,0
2.097364,422.22,0,0
2.100618,422.22,0,0
2.103849,422.22,0,0
2.107081,422.22,0,0
2.110509,422.22,0,0
2.113724,422.22,0,0
2.11694,422.22,0,0
2.120185,422.22,0,0
2.123559,422.22,0,0
2.126941,422.22,0,0
2.130166,422.22,0,0
2.133708,422.22,0,0
2.13706,422.22,0,0
2.140608,422.22,0,0
2.143979,422.22,0,0
2.1474,422.22,0,0
2.150634,422.22,0,0
2.154043,422.22,0,0
2.157529,422.22,0,0
2.160889,422.22,0,0
2.164178,422.22,0,0
2.167553,422.22,0,0
2.170815,422.22,0,0
2.17404,422.22,0,0
2.177431,422.22,0,0
2.180711,422.22,0,0
2.18414,422.22,0,0
2.18758,422.22,0,0
2.190905,422.22,0,0
2.194139,422.22,0,0
2.197536,422.22,0,0
2.20086,422.22,0,0
2.204194,422.22,0,0
2.207507,422.22,0,0
2.210905,422.22,0,0
2.214377,422.22,0,0
2.217846,422.22,0,0
2.221196,422.22,0,0
2.224929,422.22,0,0
2.22816,422.22,0,0
2.231483,422.22,0,0
2.235044,422.22,0,0
2.238509,422.22,0,0
2.241759,422.22,0,0
2.245049,422.22,0,0
2.248462,422.22,0,0
2.251679,422.22,0,0
2.255024,422.22,0,0
2.25842,422.22,0,0
2.261629,422.22,0,0
2.264909,422.22,0,0
2.268229,422.22,0,0
2.271608,422.22,0,0
2.274929,422.22,0,0
2.278216,422.22,0,0
2.28178,422.22,0,0
2.285083,422.22,0,0
2.288517,422.22,0,0
2.291907,422.22,0,0
2.295174,422.22,0,0
2.298746,422.22,0,0
2.302091,422.22,0,0
2.305503,422.22,0,0
2.309096,422.22,0,0
2.312475,422.22,0,0
2.315786,422.22,0,0
2.319026,422.22,0,0
2.322524,422.22,0,0
2.325918,422.22,0,0
2.3292,422.22,0,0
2.332749,422.22,0,0
2.336053,422.22,0,0
2.339491,422.22,0,0
2.342923,422.22,0,0
2.346345,422.22,0,0
2.349757,422.22,0,0
2.353032,422.22,0,0
2.356386,422.22,0,0
2.359608,422.22,0,0
2.363055,422.22,0,0
2.366498,422.22,0,0
2.36981,422.22,0,0
2.373053,422.22,0,0
2.376525,422.22,0,0
2.379818,422.22,0,0
2.383007,422.22,0,0
2.386351,422.22,0,0
2.389558,422.22,0,0
2.392863,422.22,0,0
2.396164,422.22,0,0
2.399424,422.22,0,0
2.402707,422.22,0,0
2.40598,422.22,0,0
2.409297,422.22,0,0
2.412633,422.22,0,0
2.415982,422.22,0,0
2.419328,422.22,0,0
2.422879,422.22,0,0
2.42615,422.22,0,0
2.429613,422.22,0,0
2.432849,422.22,0,0
2.436185,422.22,0,0
2.439627,422.22,0,0
2.442931,422.22,0,0
2.446246,422.22,0,0
2.449685,422.22,0,0
2.452934,422.22,0,0
2.456185,422.22,0,0
2.459543,422.22,0,0
2.462748,422.22,0,0
2.465941,422.22,0,0
2.469174,422.22,0,0
2.472671,422.22,0,0
2.476034,422.22,0,0
2.479437,422.22,0,0
2.482808,422.22,0,0
2.48613,422.22,0,0
2.489511,422.22,0,0
2.492831,422.22,0,0
2.496176,422.22,0,0
2.499548,422.22,0,0
2.502791,422.22,0,0
2.50614,422.22,0,0
2.509525,422.22,0,0
2.512868,422.22,0,0
2.516044,422.22,0,0
2.519478,422.22,0,0
2.522778,422.22,0,0
2.526065,422.22,0,0
2.529408,422.22,0,0
2.532709,422.22,0,0
2.536038,422.22,0,0
2.539441,422.22,0,0
2.542646,422.22,0,0
2.545885,422.22,0,0
2.549151,422.22,0,0
2.552595,422.22,0,0
2.555928,422.22,0,0
2.559137,422.22,0,0
2.562561,422.22,0,0
2.566321,422.22,0,0
2.569664,422.22,0,0
2.572923,422.22,0,0
2.576143,422.22,0,0
2.579788,422.22,0,0
2.583542,422.22,0,0
2.586956,422.22,0,0
2.590481,422.22,0,0
2.593708,422.22,0,0
2.596959,422.22,0,0
2.600399,422.22,0,0
2.603677,422.22,0,0
2.606975,422.22,0,0
2.610433,422.22,0,0
2.61394,422.22,0,0
2.617311,422.22,0,0
2.620795,422.22,0,0
2.624531,422.22,0,0
2.628018,422.22,0,0
2.631599,422.22,0,0
2.634924,422.22,0,0
2.638227,422.22,0,0
2.641618,422.22,0,0
2.644894,422.22,0,0
2.648167,422.22,0,0
2.651648,422.22,0,0
2.654938,422.22,0,0
2.658146,422.22,0,0
2.661572,422.22,0,0
2.664927,422.22,0,0
2.668164,422.22,0,0
2.671501,422.22,0,0
2.675539,422.22,0,0
2.679046,422.22,0,0
2.68272,422.22,0,0
2.686109,422.22,0,0
2.689569,422.22,0,0
2.692909,422.22,0,0
2.69604,422.22,0,0
2.699569,422.22,0,0
2.703191,422.22,0,0
2.706624,422.22,0,0
2.709977,422.22,0,0
2.713333,422.22,0,0
2.716531,422.22,0,0
2.719838,422.22,0,0
2.723344,422.22,0,0
2.726858,422.22,0,0
2.730089,422.22,0,0
2.733655,422.22,0,0
2.736969,422.22,0,0
2.740963,422.22,0,0
2.744414,422.22,0,0
2.748149,422.22,0,0
2.751621,422.22,0,0
2.754967,422.22,0,0
2.758414,422.22,0,0
2.761589,422.22,0,0
2.764872,422.22,0,0
2.768373,422.22,0,0
2.771877,422.22,0,0
2.775175,422.22,0,0
2.778555,422.22,0,0
2.781827,422.22,0,0
2.78516,422.22,0,0
2.78895,422.22,0,0
2.792363,422.22,0,0
2.795788,422.22,0,0
2.799334,422.22,0,0
2.802742,422.22,0,0
2.806174,422.22,0,0
2.809966,422.22,0,0
2.813525,422.22,0,0
2.816908,422.22,0,0
2.820189,422.22,0,0
2.823696,422.22,0,0
2.826993,422.22,0,0
2.830425,422.22,0,0
2.834049,422.22,0,0
2.837858,422.22,0,0
2.841176,422.22,0,0
2.844721,422.22,0,0
2.847935,422.22,0,0
2.851295,422.22,0,0
2.854864,422.22,0,0
2.858165,422.22,0,0
2.861493,422.22,0,0
2.86474,422.22,0,0
2.868037,422.22,0,0
2.871423,422.22,0,0
2.87477,422.22,0,0
2.878007,422.22,0,0
2.881385,422.22,0,0
2.884872,422.22,0,0
2.888082,422.22,0,0
2.891668,422.22,0,0
2.894995,422.22,0,0
2.898595,422.22,0,0
2.901912,422.22,0,0
2.905357,422.22,0,0
2.908716,422.22,0,0
2.912038,422.22,0,0
2.915408,422.22,0,0
2.918638,422.22,0,0
2.922009,422.22,0,0
2.925472,422.22,0,0
2.928765,422.22,0,0
2.932034,422.22,0,0
2.935449,422.22,0,0
2.938819,422.22,0,0
2.942128,422.22,0,0
2.945535,422.22,0,0
2.94885,422.22,0,0
2.952074,422.22,0,0
2.95551,422.22,0,0
2.959083,422.22,0,0
2.962601,422.22,0,0
2.966091,422.22,0,0
2.969569,422.22,0,0
2.972966,422.22,0,0
2.976435,422.22,0,0
2.979704,422.22,0,0
2.982998,422.22,0,0
2.986414,422.22,0,0
2.989748,422.22,0,0
2.99307,422.22,0,0
2.996644,422.22,0,0
2.999949,422.22,0,0
3.00339,422.22,0,0
3.00668,422.22,0,0
3.010128,422.22,0,0
3.013658,422.22,0,0
3.016869,422.22,0,0
3.020094,422.22,0,0
3.023509,422.22,0,0
3.026881,422.22,0,0
3.030202,422.22,0,0
3.03369,422.22,0,0
3.037055,422.22,0,0
3.040631,422.22,0,0
3.044033,422.22,0,0
3.047494,422.22,0,0
3.050807,422.22,0,0
3.054069,422.22,0,0
3.057463,422.22,0,0
3.06081,422.22,0,0
3.064204,422.22,0,0
3.067616,422.22,0,0
3.070817,422.22,0,0
3.074182,422.22,0,0
3.077552,422.22,0,0
3.080905,422.22,0,0
3.08425,422.22,0,0
3.087713,422.22,0,0
3.091115,422.22,0,0
3.094504,422.22,0,0
3.098114,422.22,0,0
3.10188,422.22,0,0
3.105426,422.22,0,0
3.108815,422.22,0,0
3.112228,422.22,0,0
3.115645,422.22,0,0
3.118944,422.22,0,0
3.122228,422.22,0,0
3.125733,422.22,0,0
3.128983,422.22,0,0
3.132448,422.22,0,0
3.135735,422.22,0,0
3.139006,422.22,0,0
3.142361,422.22,0,0
3.14559,422.22,0,0
3.149067,422.22,0,0
3.152486,422.22,0,0
3.155789,422.22,0,0
3.159192,422.22,0,0
3.162708,422.22,0,0
3.166025,422.22,0,0
3.169345,422.22,0,0
3.1726,422.22,0,0
3.175935,422.22,0,0
3.179204,422.22,0,0
3.18259,422.22,0,0
3.185945,422.22,0,0
3.189386,422.22,0,0
3.192752,422.22,0,0
3.19642,422.22,0,0
3.199764,422.22,0,0
3.202967,422.22,0,0
3.206441,422.22,0,0
3.209682,422.22,0,0
3.212883,422.22,0,0
3.216204,422.22,0,0
3.219561,422.22,0,0
3.222729,422.22,0,0
3.225906,422.22,0,0
3.229165,422.22,0,0
3.232576,422.22,0,0
3.235913,422.22,0,0
3.239334,422.22,0,0
3.24282,422.22,0,0
3.246249,422.22,0,0
3.24966,422.22,0,0
3.25298,422.22,0,0
3.256423,422.22,0,0
3.259738,422.22,0,0
3.263122,422.22,0,0
3.266566,422.22,0,0
3.269853,422.22,0,0
3.273208,422.22,0,0
3.276698,422.22,0,0
3.280162,422.22,0,0
3.283641,422.22,0,0
3.286901,422.22,0,0
3.290102,422.22,0,0
3.293595,422.22,0,0
3.296921,422.22,0,0
3.300504,422.22,0,0
3.303842,422.22,0,0
3.307266,422.22,0,0
3.310633,422.22,0,0
3.314034,422.22,0,0
3.317505,422.22,0,0
3.320933,422.22,0,0
3.324347,422.22,0,0
3.327693,422.22,0,0
3.331124,422.22,0,0
3.334553,422.22,0,0
3.33788,422.22,0,0
3.341334,422.22,0,0
3.34483,422.22,0,0
3.348113,422.22,0,0
3.351629,422.22,0,0
3.35491,422.22,0,0
3.358111,422.22,0,0
3.361465,422.22,0,0
3.364844,422.22,0,0
3.368115,422.22,0,0
3.371675,422.22,0,0
3.374878,422.22,0,0
3.378148,422.22,0,0
3.381603,422.22,0,0
3.384862,422.22,0,0
3.388099,422.22,0,0
3.391504,422.22,0,0
3.39477,422.22,0,0
3.398015,422.22,0,0
3.401477,422.22,0,0
3.404734,422.22,0,0
3.407973,422.22,0,0
3.411322,422.22,0,0
3.414574,422.22,0,0
3.417756,422.22,0,0
3.420924,422.22,0,0
3.424187,422.22,0,0
3.42759,422.22,0,0
3.430795,422.22,0,0
3.434161,422.22,0,0
3.437489,422.22,0,0
3.440816,422.22,0,0
3.444144,422.22,0,0
3.447634,422.22,0,0
3.450933,422.22,0,0
3.454125,422.22,0,0
3.457561,422.22,0,0
3.460841,422.22,0,0
3.464107,422.22,0,0
3.467493,422.22,0,0
3.470697,422.22,0,0
3.473966,422.22,0,0
3.477354,422.22,0,0
3.480668,422.22,0,0
3.483915,422.22,0,0
3.487534,422.22,0,0
3.490893,422.22,0,0
3.494024,422.22,0,0
3.497446,422.22,0,0
3.500856,422.22,0,0
3.504107,422.22,0,0
3.50761,422.22,0,0
3.510799,422.22,0,0
3.514118,422.22,0,0
3.517628,422.22,0,0
3.521048,422.22,0,0
3.524448,422.22,0,0
3.527765,422.22,0,0
3.531051,422.22,0,0
3.534449,422.22,0,0
3.53794,422.22,0,0
3.541186,422.22,0,0
3.54459,422.22,0,0
3.548055,422.22,0,0
3.551535,422.22,0,0
3.554823,422.22,0,0
3.558036,422.22,0,0
3.561378,422.22,0,0
3.564986,422.22,0,0
3.568393,422.22,0,0
3.571599,422.22,0,0
3.574992,422.22,0,0
3.578304,422.22,0,0
3.581746,422.22,0,0
3.58508,422.22,0,0
3.588538,422.22,0,0
3.591878,422.22,0,0
3.595161,422.22,0,0
3.598627,422.22,0,0
3.601928,422.22,0,0
3.605248,422.22,0,0
3.608571,422.22,0,0
3.611781,422.22,0,0
3.615063,422.22,0,0
3.618526,422.22,0,0
3.621856,422.22,0,0
3.625232,422.22,0,0
3.628557,422.22,0,0
3.631845,422.22,0,0
3.635073,422.22,0,0
3.638588,422.22,0,0
3.641775,422.22,0,0
3.644973,422.22,0,0
3.64857,422.22,0,0
3.651927,422.22,0,0
3.655178,422.22,0,0
3.658638,422.22,0,0
3.661914,422.22,0,0
3.665161,422.22,0,0
3.668529,422.22,0,0
3.672069,422.22,0,0
3.675549,422.22,0,0
3.678907,422.22,0,0
3.682677,422.22,0,0
3.686133,422.22,0,0
3.689713,422.22,0,0
3.69307,422.22,0,0
3.696486,422.22,0,0
3.699784,422.22,0,0
3.703099,422.22,0,0
3.706598,422.22,0,0
3.709848,422.22,0,0
3.71326,422.22,0,0
3.716727,422.22,0,0
3.719964,422.22,0,0
3.723447,422.22,0,0
3.72675,422.22,0,0
3.730179,422.22,0,0
3.733773,422.22,0,0
3.737103,422.22,0,0
3.740565,422.22,0,0
3.744226,422.22,0,0
3.747918,422.22,0,0
3.751217,422.22,0,0
3.75485,422.22,0,0
3.758146,422.22,0,0
3.761546,422.22,0,0
3.764926,422.22,0,0
3.768285,422.22,0,0
3.771785,422.22,0,0
3.775218,422.22,0,0
3.77878,422.22,0,0
3.782318,422.22,0,0
3.785698,422.22,0,0
3.789055,422.22,0,0
3.792429,422.22,0,0
3.795701,422.22,0,0
3.799549,422.22,0,0
3.802917,422.22,0,0
3.806237,422.22,0,0
3.809562,422.22,0,0
3.812776,422.22,0,0
3.816049,422.22,0,0
3.819493,422.22,0,0
3.823031,422.22,0,0
3.826405,422.22,0,0
3.82993,422.22,0,0
3.833209,422.22,0,0
3.83693,422.22,0,0
3.840326,422.22,0,0
3.843833,422.22,0,0
3.847208,422.22,0,0
3.850655,422.22,0,0
3.853927,422.22,0,0
3.857274,422.22,0,0
3.860733,422.22,0,0
3.864068,422.22,0,0
3.867509,422.22,0,0
3.870811,422.22,0,0
3.87422,422.22,0,0
3.877682,422.22,0,0
3.881271,422.22,0,0
3.884659,422.22,0,0
3.888253,422.22,0,0
3.891648,422.22,0,0
3.894926,422.22,0,0
3.898299,422.22,0,0
3.901811,422.22,0,0
3.905107,422.22,0,0
3.908518,422.22,0,0
3.91187,422.22,0,0
3.915411,422.22,0,0
3.918909,422.22,0,0
3.922204,422.22,0,0
3.925611,422.22,0,0
3.928946,422.22,0,0
3.932313,422.22,0,0
3.935772,422.22,0,0
3.939147,422.22,0,0
3.942642,422.22,0,0
3.946067,422.22,0,0
3.949992,422.22,0,0
3.953447,422.22,0,0
3.956696,422.22,0,0
3.960184,422.22,0,0
3.96365,422.22,0,0
3.966917,422.22,0,0
3.970166,422.22,0,0
3.974059,422.22,0,0
3.977448,422.22,0,0
3.980686,422.22,0,0
3.984235,422.22,0,0
3.987714,422.22,0,0
3.99128,422.22,0,0
3.994854,422.22,0,0
3.998254,422.22,0,0
4.001575,422.22,0,0
4.00495,422.22,0,0
4.008351,422.22,0,0
4.011732,422.22,0,0
4.015185,422.22,0,0
4.018641,422.22,0,0
4.021958,422.22,0,0
4.025363,422.22,0,0
4.028689,422.22,0,0
4.032121,422.22,0,0
4.035556,422.22,0,0
4.038999,422.22,0,0
4.042539,422.22,0,0
4.045834,422.22,0,0
4.04917,422.22,0,0
4.052495,422.22,0,0
4.055775,422.22,0,0
4.058984,422.22,0,0
4.062576,422.22,0,0
4.066173,422.22,0,0
4.069541,422.22,0,0
4.072802,422.22,0,0
4.076115,422.22,0,0
4.079877,422.22,0,0
4.083226,422.22,0,0
4.086699,422.22,0,0
4.090134,422.22,0,0
4.093642,422.22,0,0
4.096985,422.22,0,0
4.100432,422.22,0,0
4.103696,422.22,0,0
4.10729,422.22,0,0
4.110816,422.22,0,0
4.114197,422.22,0,0
4.117715,422.22,0,0
4.120947,422.22,0,0
4.124444,422.22,0,0
4.127875,422.22,0,0
4.131283,422.22,0,0
4.134761,422.22,0,0
4.138009,422.22,0,0
4.141429,422.22,0,0
4.144749,422.22,0,0
4.148344,422.22,0,0
4.151887,422.22,0,0
4.155357,422.22,0,0
4.158699,422.22,0,0
4.162002,422.22,0,0
4.16545,422.22,0,0
4.168717,422.22,0,0
4.171978,422.22,0,0
4.175344,422.22,0,0
4.179008,422.22,0,0
4.18257,422.22,0,0
4.185874,422.22,0,0
4.189191,422.22,0,0
4.192652,422.22,0,0
4.196089,422.22,0,0
4.199939,422.22,0,0
4.203206,422.22,0,0
4.206664,422.22,0,0
4.210012,422.22,0,0
4.21352,422.22,0,0
4.216913,422.22,0,0
4.220119,422.22,0,0
4.22353,422.22,0,0
4.226824,422.22,0,0
4.230227,422.22,0,0
4.233928,422.22,0,0
4.237241,422.22,0,0
4.240755,422.22,0,0
4.244093,422.22,0,0
4.247643,422.22,0,0
4.251093,422.22,0,0
4.254438,422.22,0,0
4.257791,422.22,0,0
4.261008,422.22,0,0
4.264452,422.22,0,0
4.267798,422.22,0,0
4.271093,422.22,0,0
4.274598,422.22,0,0
4.277969,422.22,0,0
4.281562,422.22,0,0
4.284935,422.22,0,0
4.288174,422.22,0,0
4.291924,422.22,0,0
4.295414,422.22,0,0
4.29906,422.22,0,0
4.302482,422.22,0,0
4.305798,422.22,0,0
4.309075,422.22,0,0
4.31262,422.22,0,0
4.316018,422.22,0,0
4.319381,422.22,0,0
4.322825,422.22,0,0
4.326432,422.22,0,0
4.330062,422.22,0,0
4.333555,422.22,0,0
4.337031,422.22,0,0
4.340638,422.22,0,0
4.343884,422.22,0,0
4.347207,422.22,0,0
4.350602,422.22,0,0
4.353843,422.22,0,0
4.357056,422.22,0,0
4.360568,422.22,0,0
4.363843,422.22,0,0
4.367198,422.22,0,0
4.370622,422.22,0,0
4.373931,422.22,0,0
4.377289,422.22,0,0
4.380778,422.22,0,0
4.384024,422.22,0,0
4.387489,422.22,0,0
4.39081,422.22,0,0
4.394114,422.22,0,0
4.397679,422.22,0,0
4.401058,422.22,0,0
4.404439,422.22,0,0
4.40764,422.22,0,0
4.411006,422.22,0,0
4.414547,422.22,0,0
4.41807,422.22,0,0
4.421464,422.22,0,0
4.424739,422.22,0,0
4.428084,422.22,0,0
4.431633,422.22,0,0
4.434978,422.22,0,0
4.438294,422.22,0,0
4.441539,422.22,0,0
4.44494,422.22,0,0
4.448674,422.22,0,0
4.452138,422.22,0,0
4.455579,422.22,0,0
4.459023,422.22,0,0
4.462601,422.22,0,0
4.466233,422.22,0,0
4.469724,422.22,0,0
4.473395,422.22,0,0
4.476851,422.22,0,0
4.480186,422.22,0,0
4.483675,422.22,0,0
4.486917,422.22,0,0
4.49039,422.22,0,0
4.493838,422.22,0,0
4.497128,422.22,0,0
4.500571,422.22,0,0
4.504214,422.22,0,0
4.507661,422.22,0,0
4.510949,422.22,0,0
4.514399,422.22,0,0
4.517805,422.22,0,0
4.521072,422.22,0,0
4.524429,422.22,0,0
4.527729,422.22,0,0
4.531322,422.22,0,0
4.534784,422.22,0,0
4.538301,422.22,0,0
4.541731,422.22,0,0
4.544973,422.22,0,0
4.54837,422.22,0,0
4.552019,422.22,0,0
4.555412,422.22,0,0
4.558706,422.22,0,0
4.56196,422.22,0,0
4.565775,422.22,0,0
4.569126,422.22,0,0
4.572519,422.22,0,0
4.575745,422.22,0,0
4.579052,422.22,0,0
4.582645,422.22,0,0
4.586153,422.22,0,0
4.589739,422.22,0,0
4.593039,422.22,0,0
4.596699,422.22,0,0
4.600029,422.22,0,0
4.603479,422.22,0,0
4.606968,422.22,0,0
4.610397,422.22,0,0
4.613676,422.22,0,0
4.616905,422.22,0,0
4.620293,422.22,0,0
4.623648,422.22,0,0
4.62706,422.22,0,0
4.630522,422.22,0,0
4.633814,422.22,0,0
4.637165,422.22,0,0
4.640553,422.22,0,0
4.643864,422.22,0,0
4.647148,422.22,0,0
4.65061,422.22,0,0
4.653927,422.22,0,0
4.657206,422.22,0,0
4.660627,422.22,0,0
4.663948,422.22,0,0
4.667444,422.22,0,0
4.670883,422.22,0,0
4.674273,422.22,0,0
4.677656,422.22,0,0
4.680958,422.22,0,0
4.684383,422.22,0,0
4.687717,422.22,0,0
4.691092,422.22,0,0
4.69451,422.22,0,0
4.697784,422.22,0,0
4.701124,422.22,0,0
4.70471,422.22,0,0
4.708414,422.22,0,0
4.71195,422.22,0,0
4.715826,422.22,0,0
4.719137,422.22,0,0
4.722523,422.22,0,0
4.725939,422.22,0,0
4.729427,422.22,0,0
4.732889,422.22,0,0
4.736269,422.22,0,0
4.739672,422.22,0,0
4.743004,422.22,0,0
4.746496,422.22,0,0
4.749781,422.22,0,0
4.753159,422.22,0,0
4.756969,422.22,0,0
4.760448,422.22,0,0
4.763784,422.22,0,0
4.767118,422.22,0,0
4.770493,422.22,0,0
4.773834,422.22,0,0
4.777088,422.22,0,0
4.780499,422.22,0,0
4.783823,422.22,0,0
4.787148,422.22,0,0
4.790556,422.22,0,0
4.793915,422.22,0,0
4.797461,422.22,0,0
4.800865,422.22,0,0
4.804129,422.22,0,0
4.807604,422.22,0,0
4.810949,422.22,0,0
4.814419,422.22,0,0
4.81773,422.22,0,0
4.821152,422.22,0,0
4.82453,422.22,0,0
4.827997,422.22,0,0
4.83161,422.22,0,0
4.834929,422.22,0,0
4.838226,422.22,0,0
4.8417,422.22,0,0
4.844955,422.22,0,0
4.848347,422.22,0,0
4.851866,422.22,0,0
4.855103,422.22,0,0
4.85849,422.22,0,0
4.861893,422.22,0,0
4.865156,422.22,0,0
4.86895,422.22,0,0
4.872553,422.22,0,0
4.875858,422.22,0,0
4.879122,422.22,0,0
4.882458,422.22,0,0
4.885708,422.22,0,0
4.889181,422.22,0,0
4.89271,422.22,0,0
4.896029,422.22,0,0
4.899509,422.22,0,0
4.902779,422.22,0,0
4.906494,422.22,0,0
4.910049,422.22,0,0
4.913504,422.22,0,0
4.916788,422.22,0,0
4.920162,422.22,0,0
4.923527,422.22,0,0
4.926798,422.22,0,0
4.930229,422.22,0,0
4.933702,422.22,0,0
4.936964,422.22,0,0
4.940426,422.22,0,0
4.943655,422.22,0,0
4.946928,422.22,0,0
4.950222,422.22,0,0
4.953722,422.22,0,0
4.957029,422.22,0,0
4.960503,422.22,0,0
4.963884,422.22,0,0
4.967245,422.22,0,0
4.970818,422.22,0,0
4.974392,422.22,0,0
4.977856,422.22,0,0
4.981285,422.22,0,0
4.984907,422.22,0,0
4.988235,422.22,0,0
4.991711,422.22,0,0
4.995007,422.22,0,0
4.998867,422.22,0,0
5.002111,422.22,0,0
5.00551,422.22,0,0
5.008749,422.22,0,0
5.012011,422.22,0,0
5.015467,422.22,0,0
5.018742,422.22,0,0
5.022079,422.22,0,0
5.025484,422.22,0,0
5.02878,422.22,0,0
5.032007,422.22,0,0
5.035841,422.22,0,0
5.039097,422.22,0,0
5.042519,422.22,0,0
5.045807,422.22,0,0
5.049181,422.22,0,0
5.052689,422.22,0,0
5.056019,422.22,0,0
5.059471,422.22,0,0
5.062864,422.22,0,0
5.066414,422.22,0,0
5.069895,422.22,0,0
5.073128,422.22,0,0
5.076574,422.22,0,0
5.079912,422.22,0,0
5.083155,422.22,0,0
5.086668,422.22,0,0
5.089987,422.22,0,0
5.0935,422.22,0,0
5.096991,422.22,0,0
5.100548,422.22,0,0
5.103863,422.22,0,0
5.107187,422.22,0,0
5.110592,422.22,0,0
5.114058,422.22,0,0
5.117559,422.22,0,0
5.120831,422.22,0,0
5.124071,422.22,0,0
5.127436,422.22,0,0
5.130749,422.22,0,0
5.134008,422.22,0,0
5.137583,422.22,0,0
5.140965,422.22,0,0
5.144453,422.22,0,0
5.147766,422.22,0,0
5.15111,422.22,0,0
5.154778,422.22,0,0
5.158075,422.22,0,0
5.161478,422.22,0,0
5.164694,422.22,0,0
5.167948,422.22,0,0
5.171389,422.22,0,0
5.174862,422.22,0,0
5.178085,422.22,0,0
5.181906,422.22,0,0
5.185768,422.22,0,0
5.189211,422.22,0,0
5.1926,422.22,0,0
5.195871,422.22,0,0
5.199154,422.22,0,0
5.202545,422.22,0,0
5.205791,422.22,0,0
5.209089,422.22,0,0
5.212513,422.22,0,0
5.215822,422.22,0,0
5.219063,422.22,0,0
5.222502,422.22,0,0
5.225866,422.22,0,0
5.229252,422.22,0,0
5.232803,422.22,0,0
5.236057,422.22,0,0
5.239481,422.22,0,0
5.242695,422.22,0,0
5.246309,422.22,0,0
5.249588,422.22,0,0
5.252781,422.22,0,0
5.256033,422.22,0,0
5.259373,422.22,0,0
5.262541,422.22,0,0
5.265839,422.22,0,0
5.269104,422.22,0,0
5.272833,422.22,0,0
5.276323,422.22,0,0
5.279924,422.22,0,0
5.283224,422.22,0,0
5.287134,422.22,0,0
5.290552,422.22,0,0
5.293983,422.22,0,0
5.297356,422.22,0,0
5.300619,422.22,0,0
5.303907,422.22,0,0
5.307528,422.22,0,0
5.310949,422.22,0,0
5.314463,422.22,0,0
5.317884,422.22,0,0
5.321211,422.22,0,0
5.324677,422.22,0,0
5.328068,422.22,0,0
5.331566,422.22,0,0
5.334944,422.22,0,0
5.338381,422.22,0,0
5.341738,422.22,0,0
5.345139,422.22,0,0
5.3486,422.22,0,0
5.351959,422.22,0,0
5.355331,422.22,0,0
5.358644,422.22,0,0
5.3619,422.22,0,0
5.365334,422.22,0,0
5.368933,422.22,0,0
5.372498,422.22,0,0
5.375881,422.22,0,0
5.379171,422.22,0,0
5.382729,422.22,0,0
5.386509,422.22,0,0
5.390034,422.22,0,0
5.393457,422.22,0,0
5.396719,422.22,0,0
5.400473,422.22,0,0
5.403807,422.22,0,0
5.407078,422.22,0,0
5.410515,422.22,0,0
5.413996,422.22,0,0
5.417416,422.22,0,0
5.420778,422.22,0,0
5.424101,422.22,0,0
5.427467,422.22,0,0
5.430723,422.22,0,0
5.434355,422.22,0,0
5.437927,422.22,0,0
5.441181,422.22,0,0
5.444597,422.22,0,0
5.447985,422.22,0,0
5.451302,422.22,0,0
5.454832,422.22,0,0
5.45846,422.22,0,0
5.46192,422.22,0,0
5.46521,422.22,0,0
5.468596,422.22,0,0
5.471926,422.22,0,0
5.475273,422.22,0,0
5.478621,422.22,0,0
5.481855,422.22,0,0
5.485102,422.22,0,0
5.488607,422.22,0,0
5.491804,422.22,0,0
5.49509,422.22,0,0
5.498562,422.22,0,0
5.501877,422.22,0,0
5.505259,422.22,0,0
5.508656,422.22,0,0
5.511965,422.22,0,0
5.515331,422.22,0,0
5.518639,422.22,0,0
5.521843,422.22,0,0
5.525072,422.22,0,0
5.528383,422.22,0,0
5.531561,422.22,0,0
5.534788,422.22,0,0
5.538065,422.22,0,0
5.541456,422.22,0,0
5.544868,422.22,0,0
5.548502,422.22,0,0
5.551956,422.22,0,0
5.555712,422.22,0,0
5.558996,422.22,0,0
5.562347,422.22,0,0
5.565771,422.22,0,0
5.568935,422.22,0,0
5.572247,422.22,0,0
5.57568,422.22,0,0
5.57897,422.22,0,0
5.58242,422.22,0,0
5.58572,422.22,0,0
5.588989,422.22,0,0
5.592363,422.22,0,0
5.595568,422.22,0,0
5.598986,422.22,0,0
5.602613,422.22,0,0
5.605837,422.22,0,0
5.609104,422.22,0,0
5.61248,422.22,0,0
5.615852,422.22,0,0
5.619242,422.22,0,0
5.622902,422.22,0,0
5.626238,422.22,0,0
5.62969,422.22,0,0
5.633167,422.22,0,0
5.637074,422.22,0,0
5.64061,422.22,0,0
5.643967,422.22,0,0
5.64749,422.22,0,0
5.650759,422.22,0,0
5.65399,422.22,0,0
5.657408,422.22,0,0
5.660692,422.22,0,0
5.663963,422.22,0,0
5.667521,422.22,0,0
5.670927,422.22,0,0
5.67441,422.22,0,0
5.6779,422.22,0,0
5.681242,422.22,0,0
5.684673,422.22,0,0
5.688059,422.22,0,0
5.691393,422.22,0,0
5.694593,422.22,0,0
5.697838,422.22,0,0
5.701118,422.22,0,0
5.704552,422.22,0,0
5.707899,422.22,0,0
5.71121,422.22,0,0
5.715067,422.22,0,0
5.718519,422.22,0,0
5.721975,422.22,0,0
5.725372,422.22,0,0
5.728622,422.22,0,0
5.732346,422.22,0,0
5.735844,422.22,0,0
5.739361,422.22,0,0
5.742773,422.22,0,0
5.746641,422.22,0,0
5.750071,422.22,0,0
5.753437,422.22,0,0
5.75684,422.22,0,0
5.760191,422.22,0,0
5.763678,422.22,0,0
5.766855,422.22,0,0
5.770079,422.22,0,0
5.773504,422.22,0,0
5.776735,422.22,0,0
5.779911,422.22,0,0
5.783203,422.22,0,0
5.786657,422.22,0,0
5.790024,422.22,0,0
5.793442,422.22,0,0
5.796883,422.22,0,0
5.800222,422.22,0,0
5.803576,422.22,0,0
5.806787,422.22,0,0
5.810101,422.22,0,0
5.813704,422.22,0,0
5.817297,422.22,0,0
5.820856,422.22,0,0
5.824228,422.22,0,0
5.827602,422.22,0,0
5.831106,422.22,0,0
5.834864,422.22,0,0
5.838413,422.22,0,0
5.84182,422.22,0,0
5.845142,422.22,0,0
5.848709,422.22,0,0
5.851944,422.22,0,0
5.855299,422.22,0,0
5.858667,422.22,0,0
5.861917,422.22,0,0
5.865694,422.22,0,0
5.869051,422.22,0,0
5.872568,422.22,0,0
5.875854,422.22,0,0
5.879173,422.22,0,0
5.882769,422.22,0,0
5.886133,422.22,0,0
5.889585,422.22,0,0
5.893259,422.22,0,0
5.896681,422.22,0,0
5.900049,422.22,0,0
5.903412,422.22,0,0
5.906609,422.22,0,0
5.909828,422.22,0,0
5.913115,422.22,0,0
5.916546,422.22,0,0
5.91979,422.22,0,0
5.923105,422.22,0,0
5.926516,422.22,0,0
5.929834,422.22,0,0
5.933275,422.22,0,0
5.936628,422.22,0,0
5.939978,422.22,0,0
5.943338,422.22,0,0
5.94663,422.22,0,0
5.949921,422.22,0,0
5.953243,422.22,0,0
5.956781,422.22,0,0
5.959978,422.22,0,0
5.963369,422.22,0,0
5.966667,422.22,0,0
5.969921,422.22,0,0
5.973217,422.22,0,0
5.97661,422.22,0,0
5.979918,422.22,0,0
5.983284,422.22,0,0
5.986696,422.22,0,0
5.990149,422.22,0,0
5.993507,422.22,0,0
5.996805,422.22,0,0
6.000088,422.22,0,0
6.00359,422.22,0,0
6.006994,422.22,0,0
6.010397,422.22,0,0
6.013672,422.22,0,0
6.016926,422.22,0,0
6.020279,422.22,0,0
6.023645,422.22,0,0
6.026968,422.22,0,0
6.030548,422.22,0,0
6.033882,422.22,0,0
6.037167,422.22,0,0
6.041119,422.22,0,0
6.044552,422.22,0,0
6.047808,422.22,0,0
6.051199,422.22,0,0
6.054548,422.22,0,0
6.057947,422.22,0,0
6.061316,422.22,0,0
6.064547,422.22,0,0
6.067808,422.22,0,0
6.071072,422.22,0,0
6.07443,422.22,0,0
6.077648,422.22,0,0
6.080938,422.22,0,0
6.08419,422.22,0,0
6.087664,422.22,0,0
6.090992,422.22,0,0
6.094423,422.22,0,0
6.097792,422.22,0,0
6.10108,422.22,0,0
6.104559,422.22,0,0
6.107794,422.22,0,0
6.11113,422.22,0,0
6.114639,422.22,0,0
6.117922,422.22,0,0
6.121244,422.22,0,0
6.12458,422.22,0,0
6.127863,422.22,0,0
6.131281,422.22,0,0
6.134815,422.22,0,0
6.138201,422.22,0,0
6.141924,422.22,0,0
6.145191,422.22,0,0
6.148676,422.22,0,0
6.152124,422.22,0,0
6.155466,422.22,0,0
6.158661,422.22,0,0
6.161934,422.22,0,0
6.165346,422.22,0,0
6.168665,422.22,0,0
6.172096,422.22,0,0
6.175573,422.22,0,0
6.178804,422.22,0,0
6.182026,422.22,0,0
6.185354,422.22,0,0
6.188669,422.22,0,0
6.191933,422.22,0,0
6.195232,422.22,0,0
6.198547,422.22,0,0
6.201933,422.22,0,0
6.20517,422.22,0,0
6.208588,422.22,0,0
6.21199,422.22,0,0
6.215471,422.22,0,0
6.218948,422.22,0,0
6.222366,422.22,0,0
6.225576,422.22,0,0
6.228956,422.22,0,0
6.232353,422.22,0,0
6.235634,422.22,0,0
6.238974,422.22,0,0
6.242376,422.22,0,0
6.245594,422.22,0,0
6.249239,422.22,0,0
6.252699,422.22,0,0
6.256037,422.22,0,0
6.259451,422.22,0,0
6.262733,422.22,0,0
6.265923,422.22,0,0
6.269161,422.22,0,0
6.27253,422.22,0,0
6.275967,422.22,0,0
6.279428,422.22,0,0
6.282681,422.22,0,0
6.285913,422.22,0,0
6.289614,422.22,0,0
6.293022,422.22,0,0
6.296448,422.22,0,0
6.299734,422.22,0,0
6.30303,422.22,0,0
6.306494,422.22,0,0
6.309694,422.22,0,0
6.313251,422.22,0,0
6.316658,422.22,0,0
6.319988,422.22,0,0
6.323381,422.22,0,0
6.326637,422.22,0,0
6.330132,422.22,0,0
6.333643,422.22,0,0
6.337009,422.22,0,0
6.340542,422.22,0,0
6.343969,422.22,0,0
6.348038,422.22,0,0
6.351458,422.22,0,0
6.354847,422.22,0,0
6.358126,422.22,0,0
6.36157,422.22,0,0
6.364899,422.22,0,0
6.368147,422.22,0,0
6.371576,422.22,0,0
6.374977,422.22,0,0
6.378372,422.22,0,0
6.381969,422.22,0,0
6.385431,422.22,0,0
6.388899,422.22,0,0
6.392149,422.22,0,0
6.39588,422.22,0,0
6.399315,422.22,0,0
6.402651,422.22,0,0
6.406242,422.22,0,0
6.409632,422.22,0,0
6.412874,422.22,0,0
6.416124,422.22,0,0
6.419672,422.22,0,0
6.422953,422.22,0,0
6.426489,422.22,0,0
6.429829,422.22,0,0
6.433367,422.22,0,0
6.436882,422.22,0,0
6.440207,422.22,0,0
6.443619,422.22,0,0
6.446836,422.22,0,0
6.450115,422.22,0,0
6.453552,422.22,0,0
6.456814,422.22,0,0
6.460121,422.22,0,0
6.463482,422.22,0,0
6.466797,422.22,0,0
6.47011,422.22,0,0
6.473516,422.22,0,0
6.476727,422.22,0,0
6.480036,422.22,0,0
6.483498,422.22,0,0
6.486954,422.22,0,0
6.490507,422.22,0,0
6.493765,422.22,0,0
6.497177,422.22,0,0
6.500645,422.22,0,0
6.503954,422.22,0,0
6.507412,422.22,0,0
6.510775,422.22,0,0
6.514235,422.22,0,0
6.517666,422.22,0,0
6.520956,422.22,0,0
6.524326,422.22,0,0
6.528044,422.22,0,0
6.531513,422.22,0,0
6.534744,422.22,0,0
6.537994,422.22,0,0
6.541445,422.22,0,0
6.544771,422.22,0,0
6.548168,422.22,0,0
6.551718,422.22,0,0
6.555046,422.22,0,0
6.558556,422.22,0,0
6.561861,422.22,0,0
6.565447,422.22,0,0
6.56884,422.22,0,0
6.572155,422.22,0,0
6.57568,422.22,0,0
6.579027,422.22,0,0
6.582453,422.22,0,0
6.58601,422.22,0,0
6.589594,422.22,0,0
6.592934,422.22,0,0
6.596327,422.22,0,0
6.599682,422.22,0,0
6.603037,422.22,0,0
6.60639,422.22,0,0
6.609636,422.22,0,0
6.612913,422.22,0,0
6.616217,422.22,0,0
6.61964,422.22,0,0
6.622993,422.22,0,0
6.626503,422.22,0,0
6.630009,422.22,0,0
6.633476,422.22,0,0
6.636845,422.22,0,0
6.640114,422.22,0,0
6.643473,422.22,0,0
6.647001,422.22,0,0
6.650547,422.22,0,0
6.653782,422.22,0,0
6.657482,422.22,0,0
6.661238,422.22,0,0
6.6647,422.22,0,0
6.667984,422.22,0,0
6.671343,422.22,0,0
6.674765,422.22,0,0
6.67812,422.22,0,0
6.681522,422.22,0,0
6.684896,422.22,0,0
6.688162,422.22,0,0
6.691629,422.22,0,0
6.694965,422.22,0,0
6.698553,422.22,0,0
6.701765,422.22,0,0
6.705151,422.22,0,0
6.708567,422.22,0,0
6.71183,422.22,0,0
6.715097,422.22,0,0
6.718527,422.22,0,0
6.722027,422.22,0,0
6.725748,422.22,0,0
6.729311,422.22,0,0
6.732655,422.22,0,0
6.736008,422.22,0,0
6.739914,422.22,0,0
6.743269,422.22,0,0
6.746576,422.22,0,0
6.750278,422.22,0,0
6.753702,422.22,0,0
6.757099,422.22,0,0
6.760515,422.22,0,0
6.764545,422.22,0,0
6.768404,422.22,0,0
6.771814,422.22,0,0
6.775265,422.22,0,0
6.778681,422.22,0,0
6.782185,422.22,0,0
6.785637,422.22,0,0
6.78895,422.22,0,0
6.792316,422.22,0,0
6.795668,422.22,0,0
6.799332,422.22,0,0
6.802782,422.22,0,0
6.806171,422.22,0,0
6.809885,422.22,0,0
6.813454,422.22,0,0
6.816885,422.22,0,0
6.82021,422.22,0,0
6.823559,422.22,0,0
6.826977,422.22,0,0
6.830431,422.22,0,0
6.833731,422.22,0,0
6.837046,422.22,0,0
6.840414,422.22,0,0
6.84374,422.22,0,0
6.847204,422.22,0,0
6.850792,422.22,0,0
6.854071,422.22,0,0
6.857479,422.22,0,0
6.860764,422.22,0,0
6.86396,422.22,0,0
6.867323,422.22,0,0
6.870983,422.22,0,0
6.874388,422.22,0,0
6.877987,422.22,0,0
6.88146,422.22,0,0
6.884726,422.22,0,0
6.88801,422.22,0,0
6.891371,422.22,0,0
6.895294,422.22,0,0
6.898565,422.22,0,0
6.901815,422.22,0,0
6.905209,422.22,0,0
6.908735,422.22,0,0
6.912397,422.22,0,0
6.915979,422.22,0,0
6.919367,422.22,0,0
6.922733,422.22,0,0
6.9261,422.22,0,0
6.929634,422.22,0,0
6.93298,422.22,0,0
6.936451,422.22,0,0
6.939726,422.22,0,0
6.943031,422.22,0,0
6.946419,422.22,0,0
6.949816,422.22,0,0
6.953075,422.22,0,0
6.956415,422.22,0,0
6.959551,422.22,0,0
6.96323,422.22,0,0
6.966614,422.22,0,0
6.969845,422.22,0,0
6.973038,422.22,0,0
6.976509,422.22,0,0
6.979803,422.22,0,0
6.983128,422.22,0,0
6.986561,422.22,0,0
6.989855,422.22,0,0
6.993109,422.22,0,0
6.996727,422.22,0,0
7.000036,422.22,0,0
7.003527,422.22,0,0
7.007076,422.22,0,0
7.010721,422.22,0,0
7.014105,422.22,0,0
7.017687,422.22,0,0
7.021009,422.22,0,0
7.024481,422.22,0,0
7.028276,422.22,0,0
7.03163,422.22,0,0
7.035114,422.22,0,0
7.038542,422.22,0,0
7.041998,422.22,0,0
7.0457,422.22,0,0
7.049257,422.22,0,0
7.053276,422.22,0,0
7.056684,422.22,0,0
7.060028,422.22,0,0
7.063368,422.22,0,0
7.06683,422.22,0,0
7.070068,422.22,0,0
7.073671,422.22,0,0
7.076914,422.22,0,0
7.080107,422.22,0,0
7.083712,422.22,0,0
7.087049,422.22,0,0
7.09083,422.22,0,0
7.094137,422.22,0,0
7.097828,422.22,0,0
7.10113,422.22,0,0
7.104624,422.22,0,0
7.108109,422.22,0,0
7.111454,422.22,0,0
7.115017,422.22,0,0
7.118299,422.22,0,0
7.121744,422.22,0,0
7.125282,422.22,0,0
7.128616,422.22,0,0
7.132135,422.22,0,0
7.135506,422.22,0,0
7.139004,422.22,0,0
7.142324,422.22,0,0
7.145729,422.22,0,0
7.14904,422.22,0,0
7.152491,422.22,0,0
7.156075,422.22,0,0
7.159456,422.22,0,0
7.162991,422.22,0,0
7.16638,422.22,0,0
7.169962,422.22,0,0
7.173365,422.22,0,0
7.176634,422.22,0,0
7.180147,422.22,0,0
7.183556,422.22,0,0
7.187044,422.22,0,0
7.190746,422.22,0,0
7.19507,422.22,0,0
7.198717,422.22,0,0
7.202284,422.22,0,0
7.205753,422.22,0,0
7.20912,422.22,0,0
7.212896,422.22,0,0
7.216379,422.22,0,0
7.219938,422.22,0,0
7.223438,422.22,0,0
7.227079,422.22,0,0
7.230427,422.22,0,0
7.23381,422.22,0,0
7.237127,422.22,0,0
7.240591,422.22,0,0
7.24412,422.22,0,0
7.247473,422.22,0,0
7.250902,422.22,0,0
7.254137,422.22,0,0
7.257717,422.22,0,0
7.260965,422.22,0,0
7.264421,422.22,0,0
7.267933,422.22,0,0
7.271137,422.22,0,0
7.274712,422.22,0,0
7.277933,422.22,0,0
7.281246,422.22,0,0
7.284788,422.22,0,0
7.287983,422.22,0,0
7.291422,422.22,0,0
7.294693,422.22,0,0
7.298435,422.22,0,0
7.301796,422.22,0,0
7.305166,422.22,0,0
7.309265,422.22,0,0
7.312786,422.22,0,0
7.316408,422.22,0,0
7.319799,422.22,0,0
7.323223,422.22,0,0
7.326559,422.22,0,0
7.330156,422.22,0,0
7.333494,422.22,0,0
7.336723,422.22,0,0
7.340115,422.22,0,0
7.343561,422.22,0,0
7.346989,422.22,0,0
7.350378,422.22,0,0
7.353762,422.22,0,0
7.356932,422.22,0,0
7.360153,422.22,0,0
7.36381,422.22,0,0
7.367048,422.22,0,0
7.370518,422.22,0,0
7.373819,422.22,0,0
7.377089,422.22,0,0
7.380655,422.22,0,0
7.383881,422.22,0,0
7.387266,422.22,0,0
7.390589,422.22,0,0
7.393816,422.22,0,0
7.397102,422.22,0,0
7.400446,422.22,0,0
7.404005,422.22,0,0
7.407578,422.22,0,0
7.411068,422.22,0,0
7.41445,422.22,0,0
7.417845,422.22,0,0
7.421209,422.22,0,0
7.424541,422.22,0,0
7.42802,422.22,0,0
7.431446,422.22,0,0
7.434902,422.22,0,0
7.438374,422.22,0,0
7.44195,422.22,0,0
7.445345,422.22,0,0
7.448702,422.22,0,0
7.452074,422.22,0,0
7.455479,422.22,0,0
7.459032,422.22,0,0
7.462341,422.22,0,0
7.465603,422.22,0,0
7.468922,422.22,0,0
7.472137,422.22,0,0
7.475582,422.22,0,0
7.478855,422.22,0,0
7.482458,422.22,0,0
7.485756,422.22,0,0
7.488977,422.22,0,0
7.49283,422.22,0,0
7.496189,422.22,0,0
7.499706,422.22,0,0
7.502934,422.22,0,0
7.506294,422.22,0,0
7.509653,422.22,0,0
7.512831,422.22,0,0
7.516203,422.22,0,0
7.519703,422.22,0,0
7.523151,422.22,0,0
7.526451,422.22,0,0
7.530046,422.22,0,0
7.533466,422.22,0,0
7.536678,422.22,0,0
7.540091,422.22,0,0
7.543371,422.22,0,0
7.546745,422.22,0,0
7.549919,422.22,0,0
7.553215,422.22,0,0
7.556704,422.22,0,0
7.559961,422.22,0,0
7.563524,422.22,0,0
7.566761,422.22,0,0
7.570194,422.22,0,0
7.573494,422.22,0,0
7.576668,422.22,0,0
7.579977,422.22,0,0
7.583351,422.22,0,0
7.586781,422.22,0,0
7.590303,422.22,0,0
7.594028,422.22,0,0
7.597338,422.22,0,0
7.600706,422.22,0,0
7.604233,422.22,0,0
7.607683,422.22,0,0
7.611086,422.22,0,0
7.614386,422.22,0,0
7.617771,422.22,0,0
7.620985,422.22,0,0
7.624413,422.22,0,0
7.627905,422.22,0,0
7.631149,422.22,0,0
7.634737,422.22,0,0
7.637932,422.22,0,0
7.641178,422.22,0,0
7.644642,422.22,0,0
7.648085,422.22,0,0
7.651682,422.22,0,0
7.654875,422.22,0,0
7.658205,422.22,0,0
7.661528,422.22,0,0
7.664982,422.22,0,0
7.668514,422.22,0,0
7.671782,422.22,0,0
7.675383,422.22,0,0
7.678698,422.22,0,0
7.681906,422.22,0,0
7.685125,422.22,0,0
7.688433,422.22,0,0
7.691572,422.22,0,0
7.694899,422.22,0,0
7.698116,422.22,0,0
7.701447,422.22,0,0
7.704618,422.22,0,0
7.707844,422.22,0,0
7.711033,422.22,0,0
7.71489,422.22,0,0
7.718042,422.22,0,0
7.721302,422.22,0,0
7.72456,422.22,0,0
7.727739,422.22,0,0
7.731262,422.22,0,0
7.734766,422.22,0,0
7.738596,422.22,0,0
7.741983,422.22,0,0
7.745424,422.22,0,0
7.748682,422.22,0,0
7.751965,422.22,0,0
7.75556,422.22,0,0
7.758821,422.22,0,0
7.762182,422.22,0,0
7.765543,422.22,0,0
7.768726,422.22,0,0
7.772228,422.22,0,0
7.775579,422.22,0,0
7.779091,422.22,0,0
7.782558,422.22,0,0
7.786098,422.22,0,0
7.789551,422.22,0,0
7.792896,422.22,0,0
7.796272,422.22,0,0
7.799601,422.22,0,0
7.803024,422.22,0,0
7.806412,422.22,0,0
7.809856,422.22,0,0
7.81312,422.22,0,0
7.816486,422.22,0,0
7.819849,422.22,0,0
7.823059,422.22,0,0
7.826715,422.22,0,0
7.829967,422.22,0,0
7.833746,422.22,0,0
7.836924,422.22,0,0
7.840076,422.22,0,0
7.844116,422.22,0,0
7.847424,422.22,0,0
7.850943,422.22,0,0
7.854069,422.22,0,0
7.857901,422.22,0,0
7.861763,422.22,0,0
7.865171,422.22,0,0
7.868753,422.22,0,0
7.872574,422.22,0,0
7.876171,422.22,0,0
7.879486,422.22,0,0
7.882914,422.22,0,0
7.886051,422.22,0,0
7.889421,422.22,0,0
7.893164,422.22,0,0
7.896845,422.22,0,0
7.900126,422.22,0,0
7.903561,422.22,0,0
7.907583,422.22,0,0
7.911436,422.22,0,0
7.915134,422.22,0,0
7.918493,422.22,0,0
7.922443,422.22,0,0
7.927231,422.22,0,0
7.931559,422.22,0,0
7.935511,422.22,0,0
7.939003,422.22,0,0
7.94235,422.22,0,0
7.945602,422.22,0,0
7.948975,422.22,0,0
7.952456,422.22,0,0
7.955849,422.22,0,0
7.959148,422.22,0,0
7.962547,422.22,0,0
7.965815,422.22,0,0
7.969078,422.22,0,0
7.972469,422.22,0,0
7.975744,422.22,0,0
7.978943,422.22,0,0
7.982288,422.22,0,0
7.985695,422.22,0,0
7.988968,422.22,0,0
7.992371,422.22,0,0
7.996014,422.22,0,0
7.999584,422.22,0,0
8.002838,422.22,0,0
8.006035,422.22,0,0
8.00946,422.22,0,0
8.012764,422.22,0,0
8.016043,422.22,0,0
8.019526,422.22,0,0
8.02276,422.22,0,0
8.026241,422.22,0,0
8.029606,422.22,0,0
8.032911,422.22,0,0
8.036474,422.22,0,0
8.03977,422.22,0,0
8.043221,422.22,0,0
8.046625,422.22,0,0
8.049919,422.22,0,0
8.053118,422.22,0,0
8.056746,422.22,0,0
8.060215,422.22,0,0
8.063536,422.22,0,0
8.06702,422.22,0,0
8.070385,422.22,0,0
8.074066,422.22,0,0
8.078045,422.22,0,0
8.081697,422.22,0,0
8.085203,422.22,0,0
8.088638,422.22,0,0
8.091965,422.22,0,0
8.095354,422.22,0,0
8.098963,422.22,0,0
8.102293,422.22,0,0
8.105722,422.22,0,0
8.109072,422.22,0,0
8.112444,422.22,0,0
8.116035,422.22,0,0
8.119375,422.22,0,0
8.122684,422.22,0,0
8.12603,422.22,0,0
8.129421,422.22,0,0
8.132828,422.22,0,0
8.136183,422.22,0,0
8.1397,422.22,0,0
8.142979,422.22,0,0
8.146343,422.22,0,0
8.149611,422.22,0,0
8.152899,422.22,0,0
8.156311,422.22,0,0
8.159708,422.22,0,0
8.163021,422.22,0,0
8.166405,422.22,0,0
8.169657,422.22,0,0
8.172869,422.22,0,0
8.176172,422.22,0,0
8.179565,422.22,0,0
8.182884,422.22,0,0
8.186491,422.22,0,0
8.189898,422.22,0,0
8.193171,422.22,0,0
8.19651,422.22,0,0
8.199701,422.22,0,0
8.202932,422.22,0,0
8.206179,422.22,0,0
8.209625,422.22,0,0
8.212847,422.22,0,0
8.216158,422.22,0,0
8.222755,422.22,0,0
8.228046,422.22,0,0
8.232714,422.22,0,0
8.236322,422.22,0,0
8.239822,422.22,0,0
8.243404,422.22,0,0
8.246828,422.22,0,0
8.250607,422.22,0,0
8.25412,422.22,0,0
8.257511,422.22,0,0
8.260696,422.22,0,0
8.26404,422.22,0,0
8.267437,422.22,0,0
8.270657,422.22,0,0
8.273972,422.22,0,0
8.277355,422.22,0,0
8.280487,422.22,0,0
8.28377,422.22,0,0
8.287003,422.22,0,0
8.290405,422.22,0,0
8.293613,422.22,0,0
8.2969,422.22,0,0
8.300131,422.22,0,0
8.30353,422.22,0,0
8.306787,422.22,0,0
8.310036,422.22,0,0
8.313402,422.22,0,0
8.319281,422.22,0,0
